"Inclui transações da Amazon Marketplace, Fulfillment by Amazon (FBA), e Amazon Webstore"
"Todas as quantias em BRL, a menos que especificado"
"Definições:"
"date/hora: data/hora da transação publicada"
"Imposto de vendas coletados: Inclui impostos sobre vendas coletados de compradores para vendas de produtos, envio e embalagem para presente."
"Tarifas de venda: Inclui tarifas de fechamento variável e tarifas de referência."
"Outras taxas de transação: Inclui cobranças retroativas de envio, retenção de envi, taxas por item e taxas de coleta de impostos de vendas."
"Outros: Inclui quantias de transação não relacionadas a pedidos. Para obter mais detalhes, consulte as colunas ""Tipo"" e ""Descrição"" para cada ID de pedido."
"Atenção: relatórios com data de início de 1º de janeiro de 2025 ou mais recentes são indexados pela data de publicação, incluem transações liberadas e diferidas e têm duas novas colunas. Pode ser necessário atualizar integrações ou mapeamentos de terceiros."
"data/hora","id de liquidação","tipo","id do pedido","sku","descrição","quantidade","mercado","tipo de conta","atendimento","cidade do pedido","estado do pedido","postal do pedido","vendas do produto","créditos de remessa","créditos de embalagem de presente","descontos promocionais","imposto de vendas coletados","tarifas de venda","taxas fba","taxas de outras transações","outro","total","Status da transação","Data de liberação da transação"
"31 de mar. de 2026 20:32:25 GMT-7","26049285971","Taxa de Estoque FBA","","","Frete da transportadora parceira da Amazon de FBA","","Amazon.com.br","Crédito Mastercard e outros","","","","","0","0","0","0","0","0","0","0","0","0","Liberado","31 de mar. de 2026 20:32:25 GMT-7"
"31 de mar. de 2026 23:56:11 GMT-7","26176688371","Pedido","701-3833970-8337805","MFS-0023+P","Bolsa Organizadora Para Cabos e Acessórios Eletrônicos Impermeável Estojo Multifuncional para Viagem Mundo F&s (Preto)","2","amazon.com.br","Boleto","Amazon","Uberaba","MG","38022","71,98","0","0","0","0","-10,08","-10,00","0","0","51,90","Liberado","9 de abr. de 2026 06:30:54 GMT-7"
"1 de abr. de 2026 04:22:53 GMT-7","26176688371","Pedido","702-9230446-2725037","MFS-0017","Almofada Cóccix Ortopédica Assento em Gel de Silicone Lavável para Coluna Hemorroida Escritório Carro Mundo F&s","1","amazon.com.br","Boleto","Amazon","Fortaleza","CE","60192","77,97","8,90","0","-8,90","0","-9,36","-5,00","0","0","63,61","Liberado","10 de abr. de 2026 03:25:06 GMT-7"
"1 de abr. de 2026 04:59:37 GMT-7","26176089791","Pedido","702-9056003-7483442","MFS-0023+C","Bolsa Organizadora Para Cabos e Acessórios Eletrônicos Impermeável Estojo Multifuncional para Viagem Mundo F&s (Cinza)","1","amazon.com.br","Crédito Mastercard e outros","Amazon","São Paulo","SP","04750","33,97","0","0","0","0","-4,76","-5,00","0","0","24,21","Liberado","9 de abr. de 2026 08:07:28 GMT-7"
"1 de abr. de 2026 10:53:25 GMT-7","26049285971","Taxa de Estoque FBA","26033010DZ","","Tarifa de devolução de inventário pela Amazon","","Amazon.com.br","Crédito Mastercard e outros","","","","","0","0","0","0","0","0","0","0","-1,12","-1,12","Liberado","1 de abr. de 2026 10:53:25 GMT-7"
"1 de abr. de 2026 11:37:36 GMT-7","26219047571","Pedido","701-6938855-6126633","MFS-0017","Almofada Cóccix Ortopédica Assento em Gel de Silicone Lavável para Coluna Hemorroida Escritório Carro Mundo F&s","1","amazon.com.br","Crédito Mastercard e outros","Amazon","Santos","SP","11060","77,97","0","0","0","0","-9,36","-5,00","0","0","63,61","Liberado","11 de abr. de 2026 00:18:56 GMT-7"
"1 de abr. de 2026 11:50:31 GMT-7","26176089791","Pedido","701-3494879-4489038","MFS-0023+P","Bolsa Organizadora Para Cabos e Acessórios Eletrônicos Impermeável Estojo Multifuncional para Viagem Mundo F&s (Preto)","1","amazon.com.br","Crédito Mastercard e outros","Amazon","Porto Alegre","RS","91530","35,99","0","0","-3,60","0","-4,53","-5,00","0","0","22,86","Liberado","9 de abr. de 2026 22:51:59 GMT-7"
"1 de abr. de 2026 14:05:51 GMT-7","26219047571","Pedido","701-7170732-6177855","MFS-0023+C","Bolsa Organizadora Para Cabos e Acessórios Eletrônicos Impermeável Estojo Multifuncional para Viagem Mundo F&s (Cinza)","1","amazon.com.br","Crédito Mastercard e outros","Amazon","Fortaleza","CE","60177","33,97","0","0","0","0","-4,76","-5,00","0","0","24,21","Liberado","10 de abr. de 2026 08:32:39 GMT-7"
"1 de abr. de 2026 15:53:43 GMT-7","26219047571","Pedido","702-8331570-7471459","MFS-0032","Conjunto 6 Potes de Vidro 350ml Nadir Figueredo","1","amazon.com.br","Crédito Mastercard e outros","Amazon","Goiânia","GO","74890","67,99","0","0","0","0","-8,16","-5,00","0","0","54,83","Liberado","11 de abr. de 2026 09:13:00 GMT-7"
"1 de abr. de 2026 16:35:43 GMT-7","26175647941","Pedido","701-4368372-1059444","MFS-0017","Almofada Cóccix Ortopédica Assento em Gel de Silicone Lavável para Coluna Hemorroida Escritório Carro Mundo F&s","1","amazon.com.br","Visa Crédito","Amazon","Porto Alegre","RS","91920","77,97","0","0","0","0","-9,36","-5,00","0","0","63,61","Liberado","10 de abr. de 2026 08:02:03 GMT-7"
"1 de abr. de 2026 17:10:56 GMT-7","26219047571","Pedido","702-7849033-2009040","MFS-0023+C","Bolsa Organizadora Para Cabos e Acessórios Eletrônicos Impermeável Estojo Multifuncional para Viagem Mundo F&s (Cinza)","1","amazon.com.br","Crédito Mastercard e outros","Amazon","Itabirito","MG","35457","33,97","0","0","-3,40","0","-4,28","-5,00","0","0","21,29","Liberado","12 de abr. de 2026 03:33:58 GMT-7"
"1 de abr. de 2026 19:09:44 GMT-7","26176089791","Pedido","702-4185939-3614648","MFS-0017","Almofada Cóccix Ortopédica Assento em Gel de Silicone Lavável para Coluna Hemorroida Escritório Carro Mundo F&s","1","amazon.com.br","Crédito Mastercard e outros","Amazon","Rio Claro","SP","13506","77,97","0","0","0","0","-9,36","-5,00","0","0","63,61","Liberado","9 de abr. de 2026 23:17:22 GMT-7"
"1 de abr. de 2026 19:28:59 GMT-7","26218266861","Pedido","701-5710955-0269818","MFS-0032","Conjunto 6 Potes de Vidro 350ml Nadir Figueredo","1","amazon.com.br","Visa Crédito","Amazon","Salvador","BA","41600","69,97","0","0","0","0","-8,40","-5,00","0","0","56,57","Liberado","11 de abr. de 2026 05:42:31 GMT-7"
"1 de abr. de 2026 19:48:02 GMT-7","26176688371","Pedido","701-2149891-6690637","MFS-0017","Almofada Cóccix Ortopédica Assento em Gel de Silicone Lavável para Coluna Hemorroida Escritório Carro Mundo F&s","2","amazon.com.br","Boleto","Amazon","Curitiba","PR","82410","155,94","0","0","0","0","-18,72","-10,00","0","0","127,22","Liberado","10 de abr. de 2026 00:14:39 GMT-7"
"2 de abr. de 2026 00:34:42 GMT-7","26176688371","Pedido","702-9611159-5014617","MFS-0023+C","Bolsa Organizadora Para Cabos e Acessórios Eletrônicos Impermeável Estojo Multifuncional para Viagem Mundo F&s (Cinza)","1","amazon.com.br","Boleto","Amazon","Caruaru","PE","55044","33,97","0","0","0","0","-4,76","-5,00","0","0","24,21","Liberado","10 de abr. de 2026 05:45:20 GMT-7"
"2 de abr. de 2026 04:31:43 GMT-7","26218266861","Pedido","701-2184180-5833812","MFS-0017","Almofada Cóccix Ortopédica Assento em Gel de Silicone Lavável para Coluna Hemorroida Escritório Carro Mundo F&s","1","amazon.com.br","Visa Crédito","Amazon","Fortaleza","Ceará","60040","77,97","0","0","0","0","-9,36","-5,00","0","0","63,61","Liberado","12 de abr. de 2026 04:33:09 GMT-7"
"2 de abr. de 2026 08:32:07 GMT-7","26218266861","Pedido","701-4803127-5864260","MFS-0032","Conjunto 6 Potes de Vidro 350ml Nadir Figueredo","1","amazon.com.br","Visa Crédito","Amazon","Campo Grande","MS","79046","67,99","0","0","0","0","-8,16","-5,00","0","0","54,83","Liberado","11 de abr. de 2026 07:34:09 GMT-7"
"2 de abr. de 2026 10:08:15 GMT-7","26110101141","Pedido","702-5369631-3397026","MFS-0017","Almofada Cóccix Ortopédica Assento em Gel de Silicone Lavável para Coluna Hemorroida Escritório Carro Mundo F&s","1","amazon.com.br","Visa Crédito","Amazon","Areia Branca","RN","59655","77,97","0","0","0","0","-9,36","-5,00","0","0","63,61","Diferido",
"2 de abr. de 2026 10:36:21 GMT-7","26219047571","Pedido","702-3575781-4345866","MFS-0027","Kit com Tigelas Americano com Tampa Plástica Sortida Potes de Vidro 150 ml 12 Unidades Mundo F&s","1","amazon.com.br","Crédito Mastercard e outros","Amazon","Manaus","AM","69037","76,99","0","0","0","0","-9,24","-5,00","0","0","62,75","Liberado","12 de abr. de 2026 08:52:43 GMT-7"
"2 de abr. de 2026 10:48:38 GMT-7","26218266861","Pedido","702-0759924-3393838","MFS-0032","Conjunto 6 Potes de Vidro 350ml Nadir Figueredo","1","amazon.com.br","Visa Crédito","Amazon","Juazeiro do Norte","CE","63040","67,99","0","0","0","0","-8,16","-5,00","0","0","54,83","Liberado","11 de abr. de 2026 23:16:14 GMT-7"
"2 de abr. de 2026 22:52:45 GMT-7","26176089791","Pedido","701-0798561-2214641","MFS-0023+R","Bolsa Organizadora Para Cabos e Acessórios Eletrônicos Impermeável Estojo Multifuncional para Viagem Mundo F&s (Rosa)","1","amazon.com.br","Crédito Mastercard e outros","Amazon","Osasco","SP","06020","31,97","0","0","0","0","-4,48","-5,00","0","0","22,49","Liberado","10 de abr. de 2026 06:59:20 GMT-7"
"3 de abr. de 2026 06:20:44 GMT-7","26110251761","Taxa de Estoque FBA","","","Frete da transportadora parceira da Amazon de FBA","","Amazon.com.br","Crédito Mastercard e outros","","","","","0","0","0","0","0","0","0","0","0","0","Liberado","3 de abr. de 2026 06:20:44 GMT-7"
"3 de abr. de 2026 08:40:54 GMT-7","26218629861","Pedido","701-6836584-6534668","MFS-0017","Almofada Cóccix Ortopédica Assento em Gel de Silicone Lavável para Coluna Hemorroida Escritório Carro Mundo F&s","1","amazon.com.br","Boleto","Amazon","Manaus","AM","69054","77,97","8,90","0","-8,90","0","-9,36","-5,00","0","0","63,61","Liberado","13 de abr. de 2026 15:06:44 GMT-7"
"3 de abr. de 2026 08:55:22 GMT-7","26219047571","Pedido","701-7449765-3770607","MFS-0032","Conjunto 6 Potes de Vidro 350ml Nadir Figueredo","1","amazon.com.br","Crédito Mastercard e outros","Amazon","São Luís","MA","65071","79,97","0","0","0","0","-9,60","-5,00","0","0","65,37","Liberado","12 de abr. de 2026 21:21:49 GMT-7"
"3 de abr. de 2026 11:58:18 GMT-7","26219047571","Pedido","702-3828927-3635458","MFS-0023+C","Bolsa Organizadora Para Cabos e Acessórios Eletrônicos Impermeável Estojo Multifuncional para Viagem Mundo F&s (Cinza)","1","amazon.com.br","Crédito Mastercard e outros","Amazon","São Paulo","SP","01050","33,97","0","0","-3,40","0","-4,28","-5,00","0","0","21,29","Liberado","11 de abr. de 2026 07:56:23 GMT-7"
"3 de abr. de 2026 19:47:32 GMT-7","26218629861","Pedido","702-3781477-3105812","MFS-0017","Almofada Cóccix Ortopédica Assento em Gel de Silicone Lavável para Coluna Hemorroida Escritório Carro Mundo F&s","1","amazon.com.br","Boleto","Amazon","Curitiba","PR","82820","77,97","8,90","0","-8,90","0","-9,36","-5,00","0","0","63,61","Liberado","12 de abr. de 2026 03:40:30 GMT-7"
"3 de abr. de 2026 22:30:33 GMT-7","26218266861","Pedido","702-0995902-2041043","MFS-0023+P","Bolsa Organizadora Para Cabos e Acessórios Eletrônicos Impermeável Estojo Multifuncional para Viagem Mundo F&s (Preto)","1","amazon.com.br","Visa Crédito","Amazon","São Paulo","SP","04001","35,99","0","0","0","0","-5,04","-5,00","0","0","25,95","Liberado","11 de abr. de 2026 06:34:41 GMT-7"
"4 de abr. de 2026 05:22:13 GMT-7","26219047571","Pedido","702-8282359-6353034","MFS-0017","Almofada Cóccix Ortopédica Assento em Gel de Silicone Lavável para Coluna Hemorroida Escritório Carro Mundo F&s","1","amazon.com.br","Crédito Mastercard e outros","Amazon","Vila Velha","ES","29101","77,97","0","0","0","0","-9,36","-5,00","0","0","63,61","Liberado","13 de abr. de 2026 06:28:00 GMT-7"
"4 de abr. de 2026 08:41:43 GMT-7","26218266861","Pedido","702-2417415-6571461","MFS-0017","Almofada Cóccix Ortopédica Assento em Gel de Silicone Lavável para Coluna Hemorroida Escritório Carro Mundo F&s","1","amazon.com.br","Visa Crédito","Amazon","Brasília","DF","71070","77,97","0","0","0","0","-9,36","-5,00","0","0","63,61","Liberado","12 de abr. de 2026 03:52:48 GMT-7"
"4 de abr. de 2026 09:15:02 GMT-7","26219047571","Pedido","702-2606949-4737032","MFS-0023+C","Bolsa Organizadora Para Cabos e Acessórios Eletrônicos Impermeável Estojo Multifuncional para Viagem Mundo F&s (Cinza)","1","amazon.com.br","Crédito Mastercard e outros","Amazon","Recife","PE","52071","33,97","0","0","0","0","-4,76","-5,00","0","0","24,21","Liberado","13 de abr. de 2026 05:16:03 GMT-7"
"4 de abr. de 2026 09:15:23 GMT-7","26218629861","Pedido","701-0960574-4633003","MFS-0023+A","Bolsa Organizadora Para Cabos e Acessórios Eletrônicos Impermeável Estojo Multifuncional para Viagem Mundo F&s (Azul)","1","amazon.com.br","Boleto","Amazon","Brasília","DF","70390","34,97","8,90","0","-8,90","0","-4,90","-5,00","0","0","25,07","Liberado","13 de abr. de 2026 16:25:45 GMT-7"
"4 de abr. de 2026 11:15:16 GMT-7","26110251761","Taxa de Estoque FBA","","","Tarifa de armazenagem do programa FBA - Logística da Amazon","","Amazon.com.br","Crédito Mastercard e outros","","","","","0","0","0","0","0","0","0","0","0","0","Liberado","4 de abr. de 2026 11:15:16 GMT-7"
"4 de abr. de 2026 14:06:51 GMT-7","26219047571","Pedido","702-1773734-8584265","MFS-0023+P","Bolsa Organizadora Para Cabos e Acessórios Eletrônicos Impermeável Estojo Multifuncional para Viagem Mundo F&s (Preto)","1","amazon.com.br","Crédito Mastercard e outros","Amazon","São José dos Campos","SP","12233","35,99","0","0","-3,60","0","-4,53","-5,00","0","0","22,86","Liberado","14 de abr. de 2026 04:09:55 GMT-7"
"4 de abr. de 2026 19:44:52 GMT-7","26218629861","Pedido","702-6770460-7957022","MFS-0017","Almofada Cóccix Ortopédica Assento em Gel de Silicone Lavável para Coluna Hemorroida Escritório Carro Mundo F&s","1","amazon.com.br","Boleto","Amazon","São José dos Pinhais","PR","83005","77,97","0","0","0","0","-9,36","-5,00","0","0","63,61","Liberado","14 de abr. de 2026 07:35:01 GMT-7"
"4 de abr. de 2026 19:45:03 GMT-7","26218266861","Pedido","702-2709395-4085008","MFS-0023+P","Bolsa Organizadora Para Cabos e Acessórios Eletrônicos Impermeável Estojo Multifuncional para Viagem Mundo F&s (Preto)","1","amazon.com.br","Visa Crédito","Amazon","Macapá","AP","68906","35,99","0","0","0","0","-5,04","-5,00","0","0","25,95","Liberado","14 de abr. de 2026 08:56:54 GMT-7"
"4 de abr. de 2026 23:02:11 GMT-7","26219047571","Pedido","701-8349423-1706600","MFS-0023+P","Bolsa Organizadora Para Cabos e Acessórios Eletrônicos Impermeável Estojo Multifuncional para Viagem Mundo F&s (Preto)","2","amazon.com.br","Crédito Mastercard e outros","Amazon","Guarulhos","SP","07090","71,98","0","0","0","0","-10,08","-10,00","0","0","51,90","Liberado","13 de abr. de 2026 06:20:05 GMT-7"
"4 de abr. de 2026 23:02:11 GMT-7","26219047571","Pedido","701-8349423-1706600","MFS-0023+R","Bolsa Organizadora Para Cabos e Acessórios Eletrônicos Impermeável Estojo Multifuncional para Viagem Mundo F&s (Rosa)","1","amazon.com.br","Crédito Mastercard e outros","Amazon","Guarulhos","SP","07090","31,97","0","0","0","0","-4,48","-5,00","0","0","22,49","Liberado","13 de abr. de 2026 06:20:05 GMT-7"
"4 de abr. de 2026 23:23:13 GMT-7","26110251761","Reembolso","701-2776074-2502617","MFS-0023+C","Bolsa Organizadora Para Cabos e Acessórios Eletrônicos Impermeável Estojo Multifuncional para Viagem Mundo F&s (Cinza)","1","amazon.com.br","Crédito Mastercard e outros","Amazon","Dianópolis","TO","77300","-33,97","0","0","3,40","0","3,42","0","0","0","-27,15","Diferido",
"5 de abr. de 2026 00:28:03 GMT-7","26218629861","Pedido","702-6520910-4469005","MFS-0017","Almofada Cóccix Ortopédica Assento em Gel de Silicone Lavável para Coluna Hemorroida Escritório Carro Mundo F&s","1","amazon.com.br","Boleto","Amazon","Rio de Janeiro","RJ","21555","77,97","8,90","0","-8,90","0","-9,36","-5,00","0","0","63,61","Liberado","13 de abr. de 2026 14:56:01 GMT-7"
"5 de abr. de 2026 04:14:36 GMT-7","26219047571","Pedido","701-2416332-8825824","MFS-0023+A","Bolsa Organizadora Para Cabos e Acessórios Eletrônicos Impermeável Estojo Multifuncional para Viagem Mundo F&s (Azul)","1","amazon.com.br","Crédito Mastercard e outros","Amazon","Palmas","TO","77062","34,97","0","0","0","0","-4,90","-5,00","0","0","25,07","Liberado","15 de abr. de 2026 02:53:02 GMT-7"
"5 de abr. de 2026 08:51:14 GMT-7","26218266861","Pedido","701-6106267-6854611","MFS-0023+C","Bolsa Organizadora Para Cabos e Acessórios Eletrônicos Impermeável Estojo Multifuncional para Viagem Mundo F&s (Cinza)","1","amazon.com.br","Visa Crédito","Amazon","São Luís","MA","65075","39,97","8,90","0","0","0","-5,60","-13,90","0","0","29,37","Liberado","15 de abr. de 2026 06:54:05 GMT-7"
"5 de abr. de 2026 09:36:56 GMT-7","26218266861","Pedido","702-7687083-0229859","MFS-0017","Almofada Cóccix Ortopédica Assento em Gel de Silicone Lavável para Coluna Hemorroida Escritório Carro Mundo F&s","1","amazon.com.br","Visa Crédito","Amazon","Ribeirão Preto","SP","14070","77,97","8,90","0","-8,90","0","-9,36","-5,00","0","0","63,61","Liberado","15 de abr. de 2026 07:10:46 GMT-7"
"5 de abr. de 2026 13:16:35 GMT-7","26218629861","Pedido","701-0630186-8107453","MFS-0017","Almofada Cóccix Ortopédica Assento em Gel de Silicone Lavável para Coluna Hemorroida Escritório Carro Mundo F&s","1","amazon.com.br","Boleto","Amazon","Estância Velha","RS","93615","77,97","8,90","0","-8,90","0","-9,36","-5,00","0","0","63,61","Liberado","13 de abr. de 2026 07:07:30 GMT-7"
"5 de abr. de 2026 14:08:10 GMT-7","26219047571","Pedido","702-9178677-6498609","MFS-0017","Almofada Cóccix Ortopédica Assento em Gel de Silicone Lavável para Coluna Hemorroida Escritório Carro Mundo F&s","1","amazon.com.br","Crédito Mastercard e outros","Amazon","São Paulo","SP","03675","77,97","8,90","0","-8,90","0","-9,36","-5,00","0","0","63,61","Liberado","14 de abr. de 2026 09:05:16 GMT-7"
"5 de abr. de 2026 19:37:28 GMT-7","26218266861","Pedido","701-6118644-0127408","MFS-0023+A","Bolsa Organizadora Para Cabos e Acessórios Eletrônicos Impermeável Estojo Multifuncional para Viagem Mundo F&s (Azul)","2","amazon.com.br","Visa Crédito","Amazon","Curitiba","PR","80240","69,94","0","0","-3,50","0","-9,30","-10,00","0","0","47,14","Liberado","13 de abr. de 2026 23:44:30 GMT-7"
"5 de abr. de 2026 22:39:11 GMT-7","26218266861","Pedido","702-1930738-1769028","MFS-0017","Almofada Cóccix Ortopédica Assento em Gel de Silicone Lavável para Coluna Hemorroida Escritório Carro Mundo F&s","1","amazon.com.br","Visa Crédito","Amazon","Rio de Janeiro","RJ","20270","77,97","0","0","0","0","-9,36","-5,00","0","0","63,61","Liberado","13 de abr. de 2026 07:08:13 GMT-7"
"6 de abr. de 2026 04:31:51 GMT-7","26218266861","Pedido","701-9041406-1565011","MFS-0017","Almofada Cóccix Ortopédica Assento em Gel de Silicone Lavável para Coluna Hemorroida Escritório Carro Mundo F&s","1","amazon.com.br","Visa Crédito","Amazon","Goiânia","GO","74475","77,97","0","0","0","0","-9,36","-5,00","0","0","63,61","Liberado","15 de abr. de 2026 07:10:39 GMT-7"
"6 de abr. de 2026 08:51:17 GMT-7","26219047571","Pedido","701-1348283-2061038","MFS-0017","Almofada Cóccix Ortopédica Assento em Gel de Silicone Lavável para Coluna Hemorroida Escritório Carro Mundo F&s","1","amazon.com.br","Crédito Mastercard e outros","Amazon","São Bernardo do Campo","SP","09620","77,97","0","0","0","0","-9,36","-5,00","0","0","63,61","Liberado","13 de abr. de 2026 23:24:30 GMT-7"
"6 de abr. de 2026 11:58:05 GMT-7","26110251761","Pedido","702-7590108-9894659","MFS-0027","Kit com Tigelas Americano com Tampa Plástica Sortida Potes de Vidro 150 ml 12 Unidades Mundo F&s","1","amazon.com.br","Crédito Mastercard e outros","Amazon","Araçuaí","MG","39604","76,99","0","0","0","0","-9,24","-5,00","0","0","62,75","Diferido",
"6 de abr. de 2026 12:35:45 GMT-7","26109489441","Pedido","701-4432422-4919439","MFS-0023+C","Bolsa Organizadora Para Cabos e Acessórios Eletrônicos Impermeável Estojo Multifuncional para Viagem Mundo F&s (Cinza)","1","amazon.com.br","Boleto","Amazon","Rio das Ostras","Rj","28898","39,97","5,72","0","-5,72","0","-5,60","-5,00","0","0","29,37","Diferido",
"6 de abr. de 2026 14:04:33 GMT-7","26218629861","Pedido","702-6549139-2775462","MFS-0023+C","Bolsa Organizadora Para Cabos e Acessórios Eletrônicos Impermeável Estojo Multifuncional para Viagem Mundo F&s (Cinza)","1","amazon.com.br","Boleto","Amazon","Porto Alegre","RS","90540","39,97","0","0","0","0","-5,60","-5,00","0","0","29,37","Liberado","14 de abr. de 2026 13:34:39 GMT-7"
"6 de abr. de 2026 15:43:57 GMT-7","26175647941","Transferir","","","Conta bancária com final: 964","","","Visa Crédito","","","","","0","0","0","0","0","0","0","0","-748,11","-748,11","Liberado","6 de abr. de 2026 15:43:57 GMT-7"
"6 de abr. de 2026 15:45:08 GMT-7","26176528901","Transferir","","","Conta bancária com final: 964","","","Elo","","","","","0","0","0","0","0","0","0","0","-22,17","-22,17","Liberado","6 de abr. de 2026 15:45:08 GMT-7"
"6 de abr. de 2026 15:46:33 GMT-7","26176688371","Transferir","","","Conta bancária com final: 964","","","Boleto","","","","","0","0","0","0","0","0","0","0","-576,07","-576,07","Liberado","6 de abr. de 2026 15:46:33 GMT-7"
"6 de abr. de 2026 15:47:25 GMT-7","26110232581","Transferir","","","Conta bancária com final: 964","","","Amex","","","","","0","0","0","0","0","0","0","0","-50,79","-50,79","Liberado","6 de abr. de 2026 15:47:25 GMT-7"
"6 de abr. de 2026 15:52:36 GMT-7","26176089791","Transferir","","","Conta bancária com final: 964","","","Crédito Mastercard e outros","","","","","0","0","0","0","0","0","0","0","-1.183,13","-1.183,13","Liberado","6 de abr. de 2026 15:52:36 GMT-7"
"6 de abr. de 2026 17:24:16 GMT-7","26176089791","Outros","","","Recompensa do vendedor","","Amazon.com.br","Crédito Mastercard e outros","","","","","0","0","0","0","0","0","0","0","200,00","200,00","Liberado","6 de abr. de 2026 17:24:16 GMT-7"
"7 de abr. de 2026 07:25:52 GMT-7","26219047571","Pedido","701-3105777-0704238","MFS-0017","Almofada Cóccix Ortopédica Assento em Gel de Silicone Lavável para Coluna Hemorroida Escritório Carro Mundo F&s","1","amazon.com.br","Crédito Mastercard e outros","Amazon","Niterói","RJ","24360","77,97","0","0","0","0","-9,36","-5,00","0","0","63,61","Liberado","15 de abr. de 2026 08:38:52 GMT-7"
"7 de abr. de 2026 07:28:34 GMT-7","26175647941","Pedido","702-8247649-9650653","MFS-0023+A","Bolsa Organizadora Para Cabos e Acessórios Eletrônicos Impermeável Estojo Multifuncional para Viagem Mundo F&s (Azul)","1","amazon.com.br","Visa Crédito","Amazon","Cabo Frio","RJ","28908","39,97","8,90","0","-8,90","0","-5,60","-5,00","0","0","29,37","Diferido",
"7 de abr. de 2026 08:59:50 GMT-7","26218266861","Pedido","701-5150624-0319403","MFS-0023+P","Bolsa Organizadora Para Cabos e Acessórios Eletrônicos Impermeável Estojo Multifuncional para Viagem Mundo F&s (Preto)","1","amazon.com.br","Visa Crédito","Amazon","São Paulo","SP","04205","39,97","0","0","0","0","-5,60","-5,00","0","0","29,37","Liberado","15 de abr. de 2026 07:25:31 GMT-7"
"7 de abr. de 2026 11:55:40 GMT-7","26219047571","Pedido","702-0080023-7388211","MFS-0023+C","Bolsa Organizadora Para Cabos e Acessórios Eletrônicos Impermeável Estojo Multifuncional para Viagem Mundo F&s (Cinza)","1","amazon.com.br","Crédito Mastercard e outros","Amazon","Francisco Morato","SP","07945","39,97","0","0","-4,00","0","-5,04","-5,00","0","0","25,93","Liberado","15 de abr. de 2026 08:51:47 GMT-7"
"7 de abr. de 2026 18:49:09 GMT-7","26263331071","Pedido","702-1861361-3329005","MFS-0027","Kit com Tigelas Americano com Tampa Plástica Sortida Potes de Vidro 150 ml 12 Unidades Mundo F&s","1","amazon.com.br","Visa Crédito","Amazon","Pindamonhangaba","SP","12420","76,99","0","0","0","0","-9,24","-5,00","0","0","62,75","Liberado","16 de abr. de 2026 06:17:49 GMT-7"
"8 de abr. de 2026 06:40:34 GMT-7","26176528901","Pedido","701-9006401-9713006","MFS-0032","Conjunto 6 Potes de Vidro 350ml Nadir Figueredo","1","amazon.com.br","Elo","Amazon","Imperatriz","MA","65903","59,99","0,15","0","-0,15","0","-7,20","-5,00","0","0","47,79","Diferido",
"8 de abr. de 2026 07:03:11 GMT-7","26176089791","Pedido","702-5947797-3226645","MFS-0023+A","Bolsa Organizadora Para Cabos e Acessórios Eletrônicos Impermeável Estojo Multifuncional para Viagem Mundo F&s (Azul)","1","amazon.com.br","Crédito Mastercard e outros","Amazon","São José","SC","88102","34,97","3,82","0","-3,82","0","-4,90","-5,00","0","0","25,07","Diferido",
"8 de abr. de 2026 07:03:11 GMT-7","26176089791","Pedido","702-5947797-3226645","MFS-0023+P","Bolsa Organizadora Para Cabos e Acessórios Eletrônicos Impermeável Estojo Multifuncional para Viagem Mundo F&s (Preto)","1","amazon.com.br","Crédito Mastercard e outros","Amazon","São José","SC","88102","35,99","3,81","0","-3,81","0","-5,04","-5,00","0","0","25,95","Diferido",
"8 de abr. de 2026 08:55:35 GMT-7","26263331071","Pedido","701-6865544-0177856","MFS-0023+P","Bolsa Organizadora Para Cabos e Acessórios Eletrônicos Impermeável Estojo Multifuncional para Viagem Mundo F&s (Preto)","1","amazon.com.br","Visa Crédito","Amazon","São Paulo","SP","04205","39,97","0","0","0","0","-5,60","-5,00","0","0","29,37","Liberado","16 de abr. de 2026 01:00:11 GMT-7"
"8 de abr. de 2026 12:30:25 GMT-7","26176089791","Taxa de Estoque FBA","","","Frete da transportadora parceira da Amazon de FBA","","Amazon.com.br","Crédito Mastercard e outros","","","","","0","0","0","0","0","0","0","0","0","0","Liberado","8 de abr. de 2026 12:30:25 GMT-7"
"8 de abr. de 2026 15:43:59 GMT-7","26175647941","Transferir","","","Conta bancária com final: 964","","","Visa Crédito","","","","","0","0","0","0","0","0","0","0","-736,68","-736,68","Liberado","8 de abr. de 2026 15:43:59 GMT-7"
"8 de abr. de 2026 15:49:45 GMT-7","26176089791","Transferir","","","Conta bancária com final: 964","","","Crédito Mastercard e outros","","","","","0","0","0","0","0","0","0","0","-955,14","-955,14","Liberado","8 de abr. de 2026 15:49:45 GMT-7"
"8 de abr. de 2026 15:50:34 GMT-7","26176528901","Transferir","","","Conta bancária com final: 964","","","Elo","","","","","0","0","0","0","0","0","0","0","-145,31","-145,31","Liberado","8 de abr. de 2026 15:50:34 GMT-7"
"8 de abr. de 2026 15:52:15 GMT-7","26176688371","Transferir","","","Conta bancária com final: 964","","","Boleto","","","","","0","0","0","0","0","0","0","0","-496,10","-496,10","Liberado","8 de abr. de 2026 15:52:15 GMT-7"
"8 de abr. de 2026 17:08:07 GMT-7","26263331071","Pedido","702-5367237-5181024","MFS-0027","Kit com Tigelas Americano com Tampa Plástica Sortida Potes de Vidro 150 ml 12 Unidades Mundo F&s","1","amazon.com.br","Visa Crédito","Amazon","Campina Grande","PB","58402","76,99","0","0","0","0","-9,24","-5,00","0","0","62,75","Liberado","16 de abr. de 2026 07:47:29 GMT-7"
"8 de abr. de 2026 20:48:39 GMT-7","26175647941","Pedido","702-4311273-9325801","MFS-0017","Almofada Cóccix Ortopédica Assento em Gel de Silicone Lavável para Coluna Hemorroida Escritório Carro Mundo F&s","1","amazon.com.br","Visa Crédito","Amazon","São Paulo","SP","05131","77,97","0","0","0","0","-9,36","-5,00","0","0","63,61","Diferido",
"8 de abr. de 2026 22:31:09 GMT-7","26175647941","Pedido","702-0488609-1961040","MFS-0023+R","Bolsa Organizadora Para Cabos e Acessórios Eletrônicos Impermeável Estojo Multifuncional para Viagem Mundo F&s (Rosa)","1","amazon.com.br","Visa Crédito","Amazon","Brasília","DF","72410","34,99","0","0","0","0","-4,90","-5,00","0","0","25,09","Diferido",
"9 de abr. de 2026 06:35:40 GMT-7","26176688371","Pedido","702-7972175-5045009","MFS-0017","Almofada Cóccix Ortopédica Assento em Gel de Silicone Lavável para Coluna Hemorroida Escritório Carro Mundo F&s","2","amazon.com.br","Boleto","Amazon","Três Corações","MG","37417","155,94","2,93","0","-2,93","0","-18,72","-10,00","0","0","127,22","Diferido",
"9 de abr. de 2026 08:07:55 GMT-7","26176089791","Taxa de Estoque FBA","","","Frete da transportadora parceira da Amazon de FBA","","Amazon.com.br","Crédito Mastercard e outros","","","","","0","0","0","0","0","0","0","0","0","0","Liberado","9 de abr. de 2026 08:07:55 GMT-7"
"9 de abr. de 2026 09:08:40 GMT-7","26176688371","Pedido","702-0985387-8670622","MFS-0033","Kit 12 Tigelas Americano Nadir 350ml com Tampas Sortidas","1","amazon.com.br","Boleto","Amazon","Macapá","AP","68909","104,97","2,75","0","-2,75","0","-14,17","0","0","0","90,80","Diferido",
"9 de abr. de 2026 10:39:21 GMT-7","26176089791","Pedido","701-0320002-3109804","MFS-0017","Almofada Cóccix Ortopédica Assento em Gel de Silicone Lavável para Coluna Hemorroida Escritório Carro Mundo F&s","1","amazon.com.br","Crédito Mastercard e outros","Amazon","Brasília","DF","70686","77,97","0","0","0","0","-9,36","-5,00","0","0","63,61","Diferido",
"9 de abr. de 2026 12:30:08 GMT-7","26176089791","Pedido","701-1129689-0864240","MFS-0017","Almofada Cóccix Ortopédica Assento em Gel de Silicone Lavável para Coluna Hemorroida Escritório Carro Mundo F&s","1","amazon.com.br","Crédito Mastercard e outros","Amazon","Fortaleza","CE","60541","78,97","8,90","0","-8,90","0","-9,48","-5,00","0","0","64,49","Diferido",
"9 de abr. de 2026 12:31:23 GMT-7","26176688371","Pedido","702-1597722-6283443","MFS-0027","Kit com Tigelas Americano com Tampa Plástica Sortida Potes de Vidro 150 ml 12 Unidades Mundo F&s","1","amazon.com.br","Boleto","Amazon","São Pedro da Aldeia","RJ","28940","76,99","0","0","0","0","-9,24","-5,00","0","0","62,75","Diferido",
"9 de abr. de 2026 14:12:17 GMT-7","26176089791","Pedido","702-9158079-8722627","MFS-0017","Almofada Cóccix Ortopédica Assento em Gel de Silicone Lavável para Coluna Hemorroida Escritório Carro Mundo F&s","1","amazon.com.br","Crédito Mastercard e outros","Amazon","Fortaleza","CE","60175","77,97","0","0","0","0","-9,36","-5,00","0","0","63,61","Diferido",
"9 de abr. de 2026 16:12:12 GMT-7","26176089791","Reembolso","702-6040309-9121856","MFS-0030","Campainha Residencial Com Camera E Audio Video Voz E Visual Wi-fi Wirelles Sem Fio Com Visão Noturna À Prova D'água Via Celular","1","amazon.com.br","Crédito Mastercard e outros","Amazon","Barra dos Coqueiros","SE","49142","-65,99","-2,82","0","2,82","0","5,81","0","0","0","-60,18","Liberado","10 de abr. de 2026 06:12:07 GMT-7"
"9 de abr. de 2026 18:37:57 GMT-7","26176688371","Pedido","702-3934534-2670642","MFS-0017","Almofada Cóccix Ortopédica Assento em Gel de Silicone Lavável para Coluna Hemorroida Escritório Carro Mundo F&s","1","amazon.com.br","Boleto","Amazon","Belo Horizonte","MG","31910","78,97","6,09","0","-6,09","0","-9,48","-5,00","0","0","64,49","Diferido",
"9 de abr. de 2026 19:48:09 GMT-7","26176089791","Pedido","701-1111209-1043424","MFS-0023+P","Bolsa Organizadora Para Cabos e Acessórios Eletrônicos Impermeável Estojo Multifuncional para Viagem Mundo F&s (Preto)","1","amazon.com.br","Crédito Mastercard e outros","Amazon","Belo Horizonte","MG","30140","39,97","0","0","0","0","-5,60","-5,00","0","0","29,37","Diferido",
"9 de abr. de 2026 20:43:24 GMT-7","26176688371","Pedido","701-0541897-5667445","MFS-0027","Kit com Tigelas Americano com Tampa Plástica Sortida Potes de Vidro 150 ml 12 Unidades Mundo F&s","1","amazon.com.br","Boleto","Amazon","Campinas","SP","13084","69,29","0","0","0","0","-8,31","-5,00","0","0","55,98","Diferido",
"10 de abr. de 2026 10:52:11 GMT-7","26219047571","Pedido","702-5398655-0434618","MFS-0023+A","Bolsa Organizadora Para Cabos e Acessórios Eletrônicos Impermeável Estojo Multifuncional para Viagem Mundo F&s (Azul)","1","amazon.com.br","Crédito Mastercard e outros","Amazon","Jaboatão dos Guararapes","PE","54420","39,97","0","0","-4,00","0","-5,04","-5,00","0","0","25,93","Diferido",
"10 de abr. de 2026 11:19:12 GMT-7","26219047571","Taxa de serviço","","","Cadastro","","Amazon.com.br","Crédito Mastercard e outros","","","","","0","0","0","0","0","0","0","0","0","0","Liberado","10 de abr. de 2026 11:19:12 GMT-7"
"10 de abr. de 2026 14:03:39 GMT-7","26110232581","Pedido","701-1083169-4925815","MFS-0029","Adaptador Benjamin Tomada Articulado Bivolt Flexível com 1 Entrada USB-C 2 Entradas Padrão Portátil Conecta 4 Dispositivos Mundo F&s","1","amazon.com.br","Amex","Amazon","Sao paulo","Sao paulo","04530","31,97","4,45","0","-4,45","0","-9,60","-5,00","0","0","17,37","Diferido",
"10 de abr. de 2026 14:03:39 GMT-7","26110232581","Pedido","701-1083169-4925815","MFS-0029","Adaptador Benjamin Tomada Articulado Bivolt Flexível com 1 Entrada USB-C 2 Entradas Padrão Portátil Conecta 4 Dispositivos Mundo F&s","1","amazon.com.br","Amex","Amazon","Sao paulo","Sao paulo","04530","31,97","4,45","0","-4,45","0","0","-5,00","0","0","26,97","Diferido",
"10 de abr. de 2026 19:43:04 GMT-7","26219047571","Pedido","701-4904902-0024228","MFS-0017","Almofada Cóccix Ortopédica Assento em Gel de Silicone Lavável para Coluna Hemorroida Escritório Carro Mundo F&s","1","amazon.com.br","Crédito Mastercard e outros","Amazon","Curitiba","PR","81540","78,97","0","0","0","0","-9,48","-5,00","0","0","64,49","Diferido",
"11 de abr. de 2026 05:53:52 GMT-7","26219047571","Pedido","702-5942326-3717057","MFS-0023+P","Bolsa Organizadora Para Cabos e Acessórios Eletrônicos Impermeável Estojo Multifuncional para Viagem Mundo F&s (Preto)","1","amazon.com.br","Crédito Mastercard e outros","Amazon","São Paulo","SP","04349","39,97","0","0","-4,00","0","-5,04","-5,00","0","0","25,93","Diferido",
"11 de abr. de 2026 06:23:14 GMT-7","26218629861","Pedido","701-7055179-7052243","MFS-0017","Almofada Cóccix Ortopédica Assento em Gel de Silicone Lavável para Coluna Hemorroida Escritório Carro Mundo F&s","1","amazon.com.br","Boleto","Amazon","GOIANIA","GO","74840","78,97","8,90","0","-8,90","0","-9,48","-5,00","0","0","64,49","Diferido",
"11 de abr. de 2026 19:40:40 GMT-7","26219047571","Pedido","701-0965431-2976218","MFS-0027","Kit com Tigelas Americano com Tampa Plástica Sortida Potes de Vidro 150 ml 12 Unidades Mundo F&s","1","amazon.com.br","Crédito Mastercard e outros","Amazon","Dois Irmãos","RS","93950","76,99","0","0","0","0","-9,24","-5,00","0","0","62,75","Diferido",
"11 de abr. de 2026 23:52:36 GMT-7","26218266861","Pedido","701-9084633-5454650","MFS-0017","Almofada Cóccix Ortopédica Assento em Gel de Silicone Lavável para Coluna Hemorroida Escritório Carro Mundo F&s","2","amazon.com.br","Visa Crédito","Amazon","Bom Jesus","GO","75570","157,94","0","0","0","0","-18,96","-10,00","0","0","128,98","Diferido",
"12 de abr. de 2026 00:23:52 GMT-7","26219058471","Pedido","702-5937799-5728259","MFS-0027","Kit com Tigelas Americano com Tampa Plástica Sortida Potes de Vidro 150 ml 12 Unidades Mundo F&s","1","amazon.com.br","Elo","Amazon","Aracaju","SE","49052","69,29","0","0","0","0","-8,31","-5,00","0","0","55,98","Diferido",
"12 de abr. de 2026 12:17:05 GMT-7","26219047571","Pedido","701-3191030-3865842","MFS-0023+C","Bolsa Organizadora Para Cabos e Acessórios Eletrônicos Impermeável Estojo Multifuncional para Viagem Mundo F&s (Cinza)","1","amazon.com.br","Crédito Mastercard e outros","Amazon","Maringá","PR","87020","39,97","0","0","0","0","-5,60","-5,00","0","0","29,37","Diferido",
"12 de abr. de 2026 12:22:56 GMT-7","26218266861","Pedido","702-4776170-7464239","MFS-0012","Misturador Bebidas Mini Mixer Elétrico Portátil para Café Ovos Fuê 3 Velocidades Batedor Recarregável Premium Mundo F&s","1","amazon.com.br","Visa Crédito","Amazon","Santos","SP","11015","35,97","0","0","0","0","-4,32","-5,00","0","0","26,65","Diferido",
"12 de abr. de 2026 14:14:28 GMT-7","26218266861","Pedido","701-8469972-9819465","MFS-0023+P","Bolsa Organizadora Para Cabos e Acessórios Eletrônicos Impermeável Estojo Multifuncional para Viagem Mundo F&s (Preto)","1","amazon.com.br","Visa Crédito","Amazon","Maracanaú","CE","61912","39,97","0","0","0","0","-5,60","-5,00","0","0","29,37","Diferido",
"12 de abr. de 2026 16:23:31 GMT-7","26218266861","Pedido","701-9161409-6632214","MFS-0023+C","Bolsa Organizadora Para Cabos e Acessórios Eletrônicos Impermeável Estojo Multifuncional para Viagem Mundo F&s (Cinza)","1","amazon.com.br","Visa Crédito","Amazon","Jataí","GO","75804","39,97","0","0","0","0","-11,20","-5,00","0","0","23,77","Diferido",
"12 de abr. de 2026 16:23:31 GMT-7","26218266861","Pedido","701-9161409-6632214","MFS-0023+C","Bolsa Organizadora Para Cabos e Acessórios Eletrônicos Impermeável Estojo Multifuncional para Viagem Mundo F&s (Cinza)","1","amazon.com.br","Visa Crédito","Amazon","Jataí","GO","75804","39,97","0","0","0","0","0","-5,00","0","0","34,97","Diferido",
"12 de abr. de 2026 17:22:59 GMT-7","26219047571","Pedido","701-8515591-1792209","MFS-0027","Kit com Tigelas Americano com Tampa Plástica Sortida Potes de Vidro 150 ml 12 Unidades Mundo F&s","1","amazon.com.br","Crédito Mastercard e outros","Amazon","Manaus","AM","69054","69,29","0","0","0","0","-8,31","-5,00","0","0","55,98","Diferido",
"12 de abr. de 2026 18:47:18 GMT-7","26218266861","Pedido","701-2861392-7025008","MFS-0027","Kit com Tigelas Americano com Tampa Plástica Sortida Potes de Vidro 150 ml 12 Unidades Mundo F&s","1","amazon.com.br","Visa Crédito","Amazon","Maceió","AL","57051","69,29","0","0","0","0","-8,31","-5,00","0","0","55,98","Diferido",
"12 de abr. de 2026 19:35:00 GMT-7","26219047571","Pedido","701-2437655-3934604","MFS-0027","Kit com Tigelas Americano com Tampa Plástica Sortida Potes de Vidro 150 ml 12 Unidades Mundo F&s","1","amazon.com.br","Crédito Mastercard e outros","Amazon","Manaus","AM","69018","69,29","0","0","0","0","-8,31","-5,00","0","0","55,98","Diferido",
"12 de abr. de 2026 20:39:37 GMT-7","26218266861","Pedido","702-4395334-5143422","MFS-0017","Almofada Cóccix Ortopédica Assento em Gel de Silicone Lavável para Coluna Hemorroida Escritório Carro Mundo F&s","1","amazon.com.br","Visa Crédito","Amazon","São Paulo","SP","05008","78,97","0","0","0","0","-9,48","-5,00","0","0","64,49","Diferido",
"12 de abr. de 2026 20:47:05 GMT-7","26219047571","Pedido","702-2854558-0062653","MFS-0027","Kit com Tigelas Americano com Tampa Plástica Sortida Potes de Vidro 150 ml 12 Unidades Mundo F&s","1","amazon.com.br","Crédito Mastercard e outros","Amazon","São Paulo","SP","03080","69,29","0","0","0","0","-8,31","-5,00","0","0","55,98","Diferido",
"12 de abr. de 2026 22:47:39 GMT-7","26219047571","Ajuste","","MFS-0027","Reembolso de Estoque FBA - Danificado:Depósito","1","","Crédito Mastercard e outros","","","","","0","0","0","0","0","0","0","0","56,57","56,57","Liberado","12 de abr. de 2026 22:47:39 GMT-7"
"13 de abr. de 2026 07:27:47 GMT-7","26218266861","Pedido","701-6081084-1319402","MFS-0017","Almofada Cóccix Ortopédica Assento em Gel de Silicone Lavável para Coluna Hemorroida Escritório Carro Mundo F&s","1","amazon.com.br","Visa Crédito","Amazon","João Pessoa","PB","58042","78,97","0","0","0","0","-9,48","-5,00","0","0","64,49","Diferido",
"13 de abr. de 2026 11:48:15 GMT-7","26218629861","Pedido","702-6676788-1298628","MFS-0017","Almofada Cóccix Ortopédica Assento em Gel de Silicone Lavável para Coluna Hemorroida Escritório Carro Mundo F&s","1","amazon.com.br","Boleto","Amazon","São Paulo","SP","02234","78,97","0","0","0","0","-9,48","-5,00","0","0","64,49","Diferido",
"13 de abr. de 2026 15:45:01 GMT-7","26219058471","Transferir","","","Conta bancária com final: 964","","","Elo","","","","","0","0","0","0","0","0","0","0","-50,43","-50,43","Liberado","13 de abr. de 2026 15:45:01 GMT-7"
"13 de abr. de 2026 15:46:38 GMT-7","26218629861","Transferir","","","Conta bancária com final: 964","","","Boleto","","","","","0","0","0","0","0","0","0","0","-623,39","-623,39","Liberado","13 de abr. de 2026 15:46:38 GMT-7"
"13 de abr. de 2026 15:46:44 GMT-7","26219047571","Transferir","","","Conta bancária com final: 964","","","Crédito Mastercard e outros","","","","","0","0","0","0","0","0","0","0","-1.060,36","-1.060,36","Liberado","13 de abr. de 2026 15:46:44 GMT-7"
"13 de abr. de 2026 15:46:45 GMT-7","26218266861","Transferir","","","Conta bancária com final: 964","","","Visa Crédito","","","","","0","0","0","0","0","0","0","0","-966,59","-966,59","Liberado","13 de abr. de 2026 15:46:45 GMT-7"
"13 de abr. de 2026 18:53:44 GMT-7","26218266861","Pedido","702-9830608-5564240","MFS-0017","Almofada Cóccix Ortopédica Assento em Gel de Silicone Lavável para Coluna Hemorroida Escritório Carro Mundo F&s","1","amazon.com.br","Visa Crédito","Amazon","Suzano","SP","08630","78,97","0","0","0","0","-9,48","-5,00","0","0","64,49","Diferido",
"14 de abr. de 2026 04:34:44 GMT-7","26218266861","Pedido","701-4072713-4466611","MFS-0017","Almofada Cóccix Ortopédica Assento em Gel de Silicone Lavável para Coluna Hemorroida Escritório Carro Mundo F&s","1","amazon.com.br","Visa Crédito","Amazon","João Pessoa","Paraíba","58039","78,97","8,90","0","-8,90","0","-9,48","-5,00","0","0","64,49","Diferido",
"14 de abr. de 2026 10:28:09 GMT-7","26219047571","Pedido","701-9988592-6197004","MFS-0027","Kit com Tigelas Americano com Tampa Plástica Sortida Potes de Vidro 150 ml 12 Unidades Mundo F&s","1","amazon.com.br","Crédito Mastercard e outros","Amazon","Brasília","DF","71681","69,29","0","0","0","0","-8,31","-5,00","0","0","55,98","Diferido",
"14 de abr. de 2026 22:31:17 GMT-7","26219047571","Pedido","701-0179498-5122625","MFS-0023+P","Bolsa Organizadora Para Cabos e Acessórios Eletrônicos Impermeável Estojo Multifuncional para Viagem Mundo F&s (Preto)","1","amazon.com.br","Crédito Mastercard e outros","Amazon","Luziânia","GO","72805","39,97","0","0","0","0","-5,60","-5,00","0","0","29,37","Diferido",
"14 de abr. de 2026 22:34:02 GMT-7","26218629861","Pedido","701-2622487-6631459","MFS-0017","Almofada Cóccix Ortopédica Assento em Gel de Silicone Lavável para Coluna Hemorroida Escritório Carro Mundo F&s","1","amazon.com.br","Boleto","Amazon","Fortaleza","CE","60415","78,97","8,90","0","-8,90","0","-9,48","-5,00","0","0","64,49","Diferido",
"14 de abr. de 2026 23:31:33 GMT-7","26219047571","Taxa de Estoque FBA","26041212ML","","Tarifa de devolução de inventário pela Amazon","","Amazon.com.br","Crédito Mastercard e outros","","","","","0","0","0","0","0","0","0","0","-0,99","-0,99","Liberado","14 de abr. de 2026 23:31:33 GMT-7"
"15 de abr. de 2026 00:30:47 GMT-7","26218629861","Pedido","701-3760402-5326610","MFS-0027","Kit com Tigelas Americano com Tampa Plástica Sortida Potes de Vidro 150 ml 12 Unidades Mundo F&s","1","amazon.com.br","Boleto","Amazon","São José do Rio Preto","SP","15014","69,29","8,90","0","-8,90","0","-8,31","-5,00","0","0","55,98","Diferido",
"15 de abr. de 2026 01:02:29 GMT-7","26218629861","Pedido","701-7002829-8793017","MFS-0023+P","Bolsa Organizadora Para Cabos e Acessórios Eletrônicos Impermeável Estojo Multifuncional para Viagem Mundo F&s (Preto)","1","amazon.com.br","Boleto","Amazon","Londrina","PR","86063","39,97","0","0","0","0","-5,60","-5,00","0","0","29,37","Diferido",
"15 de abr. de 2026 11:37:39 GMT-7","26219047571","Pedido","702-8580575-1279434","MFS-0030","Campainha Residencial Com Camera E Audio Video Voz E Visual Wi-fi Wirelles Sem Fio Com Visão Noturna À Prova D'água Via Celular","1","amazon.com.br","Crédito Mastercard e outros","Amazon","Paraipaba","CE","62685","65,99","0","0","0","0","-7,26","-5,00","0","0","53,73","Diferido",
"15 de abr. de 2026 14:44:06 GMT-7","26262885491","Taxa de Estoque FBA","26041212ML","","Tarifa de devolução de inventário pela Amazon","","Amazon.com.br","Crédito Mastercard e outros","","","","","0","0","0","0","0","0","0","0","-1,98","-1,98","Liberado","15 de abr. de 2026 14:44:06 GMT-7"
"15 de abr. de 2026 16:40:18 GMT-7","26262885491","Pedido","701-0887881-4135419","MFS-0027","Kit com Tigelas Americano com Tampa Plástica Sortida Potes de Vidro 150 ml 12 Unidades Mundo F&s","1","amazon.com.br","Crédito Mastercard e outros","Amazon","João Pessoa","PB","58037","69,29","0","0","0","0","-8,31","-5,00","0","0","55,98","Diferido",
